{
  "files": [
    {
      "path": "../analysis/synth_2e6_16s.csv",
      "name": "synth_2e6_16s.csv",
      "suffix": ".csv",
      "size_bytes": 631598418,
      "encoding": "utf-8",
      "estimated_rows": 2000000,
      "columns": [
        "Time",
        "Sensor_1",
        "Sensor_2",
        "Sensor_3",
        "Sensor_4",
        "Sensor_5",
        "Sensor_6",
        "Sensor_7",
        "Sensor_8",
        "Sensor_9",
        "Sensor_10",
        "Sensor_11",
        "Sensor_12",
        "Sensor_13",
        "Sensor_14",
        "Sensor_15",
        "Sensor_16"
      ],
      "sample_rows": [
        {
          "Time": 0.0,
          "Sensor_1": -0.1603836805396301,
          "Sensor_2": -0.0603006522576193,
          "Sensor_3": 0.0404350599642932,
          "Sensor_4": 0.1278289908199868,
          "Sensor_5": -0.1434033502360969,
          "Sensor_6": -0.0477818042407383,
          "Sensor_7": 0.0692027939468012,
          "Sensor_8": 0.0407463547039798,
          "Sensor_9": 0.0316873967413002,
          "Sensor_10": 0.0242093251687603,
          "Sensor_11": 0.0957331174119773,
          "Sensor_12": -0.0638884782836954,
          "Sensor_13": -0.0101069075032666,
          "Sensor_14": 0.048101531513955,
          "Sensor_15": 0.0121289338018997,
          "Sensor_16": -0.0616373603390488
        },
        {
          "Time": 0.0005000002500001,
          "Sensor_1": 0.0064149914028763,
          "Sensor_2": -0.0031726486986107,
          "Sensor_3": 0.0384205839330192,
          "Sensor_4": 0.2071962141272544,
          "Sensor_5": -0.0055740001766414,
          "Sensor_6": -0.0454265985067348,
          "Sensor_7": -0.0208843504278131,
          "Sensor_8": -0.089959701754138,
          "Sensor_9": -0.1062522374211415,
          "Sensor_10": -0.0852278803719397,
          "Sensor_11": -0.1889936620913545,
          "Sensor_12": 0.0719409966354259,
          "Sensor_13": 0.0232225061100656,
          "Sensor_14": 0.0519385066509932,
          "Sensor_15": 0.0027813143528984,
          "Sensor_16": -0.0033481405181771
        },
        {
          "Time": 0.0010000005000002,
          "Sensor_1": 0.0740991295926724,
          "Sensor_2": -0.1443672412210993,
          "Sensor_3": -0.0567519458891601,
          "Sensor_4": 0.0376033421908752,
          "Sensor_5": 0.0465962046638155,
          "Sensor_6": 0.1014812602751197,
          "Sensor_7": 0.0304750047730518,
          "Sensor_8": -0.0720854434096797,
          "Sensor_9": -0.0799464384513105,
          "Sensor_10": -0.1045886843266745,
          "Sensor_11": 0.0613276227833379,
          "Sensor_12": 0.0510829334937911,
          "Sensor_13": -0.0437181103979874,
          "Sensor_14": -0.0112361737832451,
          "Sensor_15": -0.139619069873719,
          "Sensor_16": -0.0525481464592847
        },
        {
          "Time": 0.0015000007500003,
          "Sensor_1": 0.0152769193640647,
          "Sensor_2": -0.1705958638834349,
          "Sensor_3": 0.0100990938749109,
          "Sensor_4": -0.1229686050807267,
          "Sensor_5": -0.0824022940583346,
          "Sensor_6": -0.1299300734025096,
          "Sensor_7": -0.0617484479893613,
          "Sensor_8": -0.0379917872528282,
          "Sensor_9": -0.071379142901547,
          "Sensor_10": 0.1252639517115615,
          "Sensor_11": -0.1675072561266812,
          "Sensor_12": -0.0228564013969551,
          "Sensor_13": -0.127975488907486,
          "Sensor_14": -0.074389489391617,
          "Sensor_15": -0.077060821591493,
          "Sensor_16": 0.048554299922416
        },
        {
          "Time": 0.0020000010000005,
          "Sensor_1": 0.0863943891423318,
          "Sensor_2": -0.0714667436156629,
          "Sensor_3": -0.0065507293809059,
          "Sensor_4": 0.0196718682414214,
          "Sensor_5": -0.180215041022406,
          "Sensor_6": -0.207113504791803,
          "Sensor_7": -0.0502878489021275,
          "Sensor_8": 0.0691584311159398,
          "Sensor_9": -0.0215550264615157,
          "Sensor_10": -0.1590901455281287,
          "Sensor_11": 0.0259905284285638,
          "Sensor_12": 0.0097099735327279,
          "Sensor_13": -0.0519772091685739,
          "Sensor_14": -0.1870785645481915,
          "Sensor_15": -0.0241130928318271,
          "Sensor_16": 0.0584448246839846
        }
      ],
      "schema_mapping": {
        "original_headers": [
          "Time",
          "Sensor_1",
          "Sensor_2",
          "Sensor_3",
          "Sensor_4",
          "Sensor_5",
          "Sensor_6",
          "Sensor_7",
          "Sensor_8",
          "Sensor_9",
          "Sensor_10",
          "Sensor_11",
          "Sensor_12",
          "Sensor_13",
          "Sensor_14",
          "Sensor_15",
          "Sensor_16"
        ],
        "normalized_headers": [
          "time",
          "sensor_1",
          "sensor_2",
          "sensor_3",
          "sensor_4",
          "sensor_5",
          "sensor_6",
          "sensor_7",
          "sensor_8",
          "sensor_9",
          "sensor_10",
          "sensor_11",
          "sensor_12",
          "sensor_13",
          "sensor_14",
          "sensor_15",
          "sensor_16"
        ],
        "time_column": {
          "original_name": "Time",
          "normalized_name": "time",
          "confidence": 1.0,
          "candidate_scores": {
            "Time": 22.5,
            "Sensor_1": 4.5,
            "Sensor_2": 4.5,
            "Sensor_3": 4.5,
            "Sensor_4": 4.5,
            "Sensor_5": 4.5,
            "Sensor_6": 4.5,
            "Sensor_7": 4.5,
            "Sensor_8": 4.5,
            "Sensor_9": 4.5,
            "Sensor_10": 4.5,
            "Sensor_11": 4.5,
            "Sensor_12": 4.5,
            "Sensor_13": 4.5,
            "Sensor_14": 4.5,
            "Sensor_15": 4.5,
            "Sensor_16": 4.5
          },
          "reasoning": [
            "name_score=15.00",
            "value_score=7.50",
            "values are monotone nondecreasing",
            "values look like elapsed time"
          ],
          "ambiguous": false
        },
        "sensor_columns": [
          "Sensor_1",
          "Sensor_2",
          "Sensor_3",
          "Sensor_4",
          "Sensor_5",
          "Sensor_6",
          "Sensor_7",
          "Sensor_8",
          "Sensor_9",
          "Sensor_10",
          "Sensor_11",
          "Sensor_12",
          "Sensor_13",
          "Sensor_14",
          "Sensor_15",
          "Sensor_16"
        ],
        "notes": []
      }
    }
  ]
}