{
  "summary": [
    {
      "mode": "serial",
      "nproc": 1,
      "elapsed_sec": 611.4441439816728,
      "repeat": 1,
      "mean_elapsed_sec": 611.4441439816728,
      "max_elapsed_sec": 611.4441439816728,
      "speedup_vs_serial": 1.0,
      "parallel_efficiency": 1.0
    },
    {
      "mode": "replicated",
      "nproc": 2,
      "elapsed_sec": 311.38406786322594,
      "repeat": 1,
      "mean_elapsed_sec": 311.38406786322594,
      "max_elapsed_sec": 311.38406786322594,
      "speedup_vs_serial": 1.9636333617757442,
      "parallel_efficiency": 0.9818166808878721
    },
    {
      "mode": "partitioned",
      "nproc": 2,
      "elapsed_sec": 311.7651442391798,
      "repeat": 1,
      "mean_elapsed_sec": 311.7651442391798,
      "max_elapsed_sec": 311.7651442391798,
      "speedup_vs_serial": 1.9612331759338224,
      "parallel_efficiency": 0.9806165879669112
    }
  ]
}